agent_id,mean_latency,median_latency,n_transitions,n_detected,detection_rate
agent_0000,0.1532258064516129,0.0,124,124,1.0
agent_0001,0.2459016393442623,0.0,122,122,1.0
agent_0002,0.008333333333333333,0.0,120,120,1.0
agent_0003,0.3984375,0.0,128,127,0.9921875
agent_0004,0.0,0.0,112,112,1.0
agent_0005,0.057692307692307696,0.0,104,104,1.0
agent_0006,0.0,0.0,121,121,1.0
agent_0007,0.38345864661654133,0.0,133,132,0.9924812030075187
agent_0008,0.0,0.0,129,129,1.0
agent_0009,0.14754098360655737,0.0,122,122,1.0
agent_0010,0.008264462809917356,0.0,121,121,1.0
agent_0011,0.12195121951219512,0.0,123,123,1.0
agent_0012,0.0,0.0,132,132,1.0
agent_0013,0.007633587786259542,0.0,131,131,1.0
agent_0014,0.009708737864077669,0.0,103,103,1.0
agent_0015,0.0,0.0,129,129,1.0
agent_0016,0.016129032258064516,0.0,124,124,1.0
agent_0017,0.12698412698412698,0.0,126,126,1.0
agent_0018,0.36752136752136755,0.0,117,117,1.0
agent_0019,0.03125,0.0,128,128,1.0
