episode,mah_mean,mah_smooth
0,2.792468423118366,2.801862070322882
1,2.8046213425729585,2.8063061628815307
2,2.8281977808318017,2.811174088970764
3,2.8197353235864684,2.815619119912866
4,2.828021163587552,2.8183873552878826
5,2.83141183183223,2.823735806494055
6,2.828028670655184,2.8276139229954453
7,2.814614306118503,2.828498932258916
8,2.8352560327677443,2.8314936821146217
9,2.835646274584078,2.826348341964742
10,2.8352778549395663,2.8228750367639357
11,2.8436933224321166,2.820488828294489
12,2.786858442388513,2.821135957764435
13,2.8036253902257786,2.817845748192563
14,2.808939002899613,2.811760964200923
15,2.8197913418780707,2.8067427346882345
16,2.8089343561927675,2.7965847071302505
17,2.7869680026509567,2.8006535865470523
18,2.7951320188380615,2.7930037812586175
19,2.7624291019682436,2.784073730940842
20,2.8194094777229246,2.770926163427855
21,2.742426947918301,2.758798430749194
22,2.73749860035741,2.7523306795616835
23,2.7146108017741777,2.7410418779964525
24,2.71191249476348,2.7371509504087936
25,2.7352259931508733,2.729497382705685
26,2.7048216063162074,2.727078133646725
27,2.7313016812669746,2.727607436691242
28,2.7581809360980563,2.7324142501705557
29,2.7230729554466193,2.740173370770357
30,2.7417330247135485,2.749247491516065
31,2.7530653096086852,2.761207047592914
32,2.773985459561888,2.771356656931396
33,2.8078189591165374,2.773992864191604
34,2.800498054931002,2.784140273392047
35,2.8124985559748295,2.797044378102408
36,2.7792705941797218,2.809707988809768
37,2.804252229050165,2.8184839153718846
38,2.844965862396439,2.821898103664088
39,2.854374195267559,2.8199303126724216
40,2.8441928720588185,2.8184669811070098
41,2.83513246545417,2.821700837345005
42,2.7847557269976706,2.8258399024662975
43,2.800791903451535,2.822036773968584
44,2.8051414440836853,2.8141044135837996
45,2.8373647500205044,2.807764950421293
46,2.8145408344147302,2.8003082302230387
47,2.790915312189285,2.798665239874353
48,2.7934771667587652,2.796318673654659
49,2.77547870386813,2.7934410812521007
50,2.7716118042081836,2.7844958614811377
51,2.7820193736939847,2.7729146767002257
52,2.7821207048632233,2.773431247231622
53,2.7658029918527975,2.774952238822753
54,2.7218913561674345,2.77751842526315
55,2.7950478764404587,2.7776523024164406
56,2.8056450994878124,2.772506059813607
57,2.7960081953913045,2.776171447888974
58,2.7726828214345067,2.778242516971579
59,2.740849432871319,2.7886361470608203
60,2.8114438094661596,2.7911756062369646
61,2.7823715445136363,2.7922462687753997
62,2.8050403968813655,2.7976838151759473
63,2.815363549849609,2.8018857078627715
64,2.814210399795294,2.8121379060803515
65,2.8395085665956907,2.8174998707253875
66,2.8062979629291,2.8224460152357302
67,2.822867018611958,2.826413980244523
68,2.8543395266264477,2.820576626414148
69,2.8219407005963792,2.810572518394564
70,2.836784116951704,2.793529906090956
71,2.7686647192066123,2.784313878750514
72,2.7341775356386178,2.7758474703914637
73,2.7031676681668264,2.7639548000484178
74,2.732569744205566,2.753057289610822
75,2.755135751739555,2.739449548565818
76,2.75919816388208,2.737278783543684
77,2.734760617095614,2.7334193199605994
78,2.7279221885916733,2.736768280518644
79,2.751298599029541,2.7340517477247435
80,2.703301826973937,2.725849652528143
81,2.729959352631185,2.7144107819765573
82,2.7108374818543632,2.7144399196222313
83,2.6895189901667504,2.716989008576336
84,2.6676871994693956,2.7146090928067466
85,2.7349937182610065,2.7174326882547324
86,2.7483149002245093,2.7095872433300965
87,2.7322592728728274,2.711745580208642
88,2.7258905905578223,2.7139085695576455
89,2.6671957932340957,2.7247470743298394
90,2.728104176882728,2.7323586733805842
91,2.706822904958782,2.73941791243456
92,2.754395237646946,2.7499290466457134
93,2.7958865106669633,2.760088001381337
94,2.8047888126563154,2.7733206038853164
95,2.8163483465620565,2.7772935466757587
96,2.8071622284428086,2.784649460029381
97,2.7730566132659313,2.78700055272176
98,2.759887719206264,2.7854594923652742
99,2.76567021178776,2.7888355009631782
100,2.77320397918598,2.7883653272079183
101,2.78355802781508,2.783121566537685
102,2.8317968814395496,2.7744081457554706
103,2.812586956519972,2.766002337505951
104,2.765212143080948,2.768715822508542
105,2.703349247008213,2.7664433616945256
106,2.6926412532101085,2.7682128101139094
107,2.7873780918084847,2.765009256070268
108,2.7550242926738497,2.7617250486485703
109,2.79771361517015,2.758728117302661
110,2.8061684490904204,2.761661296810374
111,2.786313297146386,2.7672222600045377
112,2.7412366923136777,2.7667171344014507
113,2.726814683069918,2.7727252956663255
114,2.737128958763418,2.7693602525947902
115,2.7833370869837872,2.764329689491312
116,2.803089582792846,2.7654244552518628
117,2.7707932705978684,2.7721537966165024
118,2.7659239442625987,2.7806858891366115
119,2.7950714232307923,2.7879286971950337
