agent_id,push_stable_frac,push_exploratory_frac,do_nothing_frac,mean_policy_entropy,mean_value
agent_0000,0.4,0.34,0.26,0.37330104413856857,15.057496633589802
agent_0001,0.35,0.32,0.33,0.3634498448686629,15.19282942933915
agent_0002,0.48,0.27,0.25,0.3650951730394322,15.295334897397856
agent_0003,0.4,0.3,0.3,0.3685706081154054,15.31479511747877
agent_0004,0.35,0.3,0.35,0.3572781560695307,15.179284490813076
agent_0005,0.34,0.3,0.36,0.3688002137933749,15.199799713977514
agent_0006,0.47,0.32,0.21,0.3598338420534195,15.052739548400668
agent_0007,0.45,0.26,0.29,0.34206135851761965,15.089160209034324
agent_0008,0.4,0.32,0.28,0.3710056086946863,15.111506860620759
agent_0009,0.35,0.33,0.32,0.3586105063149885,15.070521911842176
agent_0010,0.39,0.36,0.25,0.3615529440326665,15.211007015749473
agent_0011,0.34,0.36,0.3,0.3591830184600307,15.125246521118504
agent_0012,0.38,0.35,0.27,0.34524041437425873,15.125092308873375
agent_0013,0.46,0.27,0.27,0.3519592791996991,15.158759269380402
agent_0014,0.4,0.31,0.29,0.3517974206131687,15.081718187214877
agent_0015,0.47,0.29,0.24,0.3503447013991002,14.91681165153555
agent_0016,0.42,0.31,0.27,0.3766489002792408,15.10942537796709
agent_0017,0.34,0.28,0.38,0.35527669591171146,15.197806483701351
agent_0018,0.38,0.33,0.29,0.36519260136969883,15.114745780410521
agent_0019,0.39,0.28,0.33,0.35995734810859986,15.127102628804353
