episode,mean_reward,std_reward,mean_unstable,std_unstable,mean_mah,std_mah
0,474.5500000000001,12.451807097766974,0.02647294589178356,0.010204219119905097,2.8035386149288977,0.16229192738192322
1,474.22,14.464698406810976,0.026723446893787577,0.011468022326547173,2.807432955800284,0.17634495277199888
2,474.05500000000006,14.607874588727821,0.026873747494989983,0.011216628180517036,2.810988980553966,0.1705521012181121
3,473.935,14.86363010842237,0.02704408817635271,0.01119871166371993,2.8132035688539796,0.1510386690103388
4,473.62000000000006,14.7,0.027314629258517034,0.012776631649066138,2.8174823298189176,0.18912770375439938
5,473.215,14.21363781725143,0.027655310621242487,0.01254547432937037,2.8218001149654883,0.18886979504691465
6,472.82500000000005,13.396268137059664,0.027975951903807618,0.012262171174972627,2.826081058147609,0.17071168717779672
7,472.75000000000006,11.418734605900953,0.02809619238476954,0.010643905190292185,2.8299882561335243,0.17539237122603907
8,473.005,13.312024639400274,0.027945891783567135,0.011916688374604011,2.8258543222891954,0.18735149418973787
9,473.0050000000001,12.889530635364501,0.027935871743486974,0.01141537216404652,2.8242433289531266,0.17808862890483385
10,473.17,15.882301470504833,0.027805611222444893,0.013948745165670655,2.822335112884333,0.20925669890916115
11,473.32,12.80195297601112,0.02773547094188377,0.011843585648017397,2.821173063888917,0.19795702560169728
12,473.26,12.451807097766974,0.02774549098196393,0.011752101732581764,2.819263632442676,0.21368506848004945
13,473.26000000000005,13.161591849012794,0.027635270541082172,0.012311200443613364,2.8164990020959206,0.21233390180566855
14,473.53000000000003,12.451807097766975,0.027404809619238482,0.0114263609540268,2.8124866007029525,0.1878766338837723
15,474.13000000000005,11.7909923246519,0.02695390781563127,0.011439972394269714,2.805164883441369,0.21062828043769752
16,474.55000000000007,13.021520648526423,0.026633266533066136,0.012599378651036695,2.8035780457197044,0.21850108436866256
17,475.105,12.616952880945542,0.02615230460921844,0.012078616989604926,2.793451408268323,0.19852478689401637
18,475.55500000000006,12.621410380777577,0.025771543086172348,0.012442211026439184,2.7885154240652126,0.22681243028711506
19,476.02000000000004,11.642164747159354,0.025350701402805615,0.011302676274311484,2.7796139652200527,0.21022884761665667
20,476.395,12.864194494798344,0.024879759519038085,0.011534367532333377,2.769911314406439,0.16273286017628155
21,476.995,11.033924958961794,0.024268537074148302,0.011263077743376022,2.76145477953372,0.22614137643753557
22,477.70000000000005,11.551947887694093,0.02362725450901804,0.011417570768131555,2.7510435045460637,0.19430428041166883
23,478.17999999999995,12.441864811996632,0.023156312625250502,0.011624973957734009,2.7454768724076657,0.20293960608683795
24,478.56999999999994,8.58545281275251,0.022805611222444892,0.007825259985238251,2.7417817641336653,0.17709437088922209
25,478.67500000000007,11.203905569041538,0.022585170340681363,0.0089195242822717,2.737846149481503,0.17912880591340205
26,479.095,10.167964398049396,0.02220440881763527,0.008607325243488678,2.7300785041805646,0.1676295270186356
27,479.305,10.533161918436459,0.022014028056112224,0.008953229620716903,2.731142340349604,0.20832546367559218
28,479.23,11.466908912169835,0.022054108216432868,0.010001987746266759,2.7347910262700514,0.20384366588006012
29,479.32000000000005,10.273631295700659,0.022124248496993987,0.009261899806245566,2.7441118420042874,0.24109380049857732
30,479.395,10.007372282472558,0.02224448897795591,0.008489877724857821,2.7529703980210396,0.2167653048010612
31,479.1700000000001,10.618262569742754,0.022545090180360723,0.008397726188279345,2.760697654303435,0.21213345486060228
32,479.08,10.998181667894016,0.02278557114228457,0.009947634185163012,2.7681425530897865,0.20653449308848065
33,479.095,11.852847759083048,0.022985971943887774,0.009341235769858802,2.7754376078681053,0.19251819418946547
34,479.18500000000006,10.86956760869539,0.023036072144288575,0.008537050627043345,2.7841161004979433,0.17797861453486544
35,479.05000000000007,11.757550765359257,0.023266533066132265,0.009809409419254844,2.7972462244800376,0.17860384636816926
36,478.9150000000001,11.363428179911201,0.023476953907815633,0.008532345073081302,2.8074922092145647,0.16225917791783265
37,478.675,10.012991560967183,0.02370741482965932,0.007130439629121121,2.815698924799113,0.15250585959161095
38,478.6600000000001,11.360457737256894,0.0237374749498998,0.008905442741044062,2.8167759515426916,0.1717649742117536
39,478.6600000000001,10.779146533933009,0.023677354709418837,0.00826941712002617,2.8160732459761912,0.12645815767121318
40,478.705,10.924284873619877,0.023627254509018033,0.008431135858902858,2.8165375848914596,0.16967318269416856
41,478.73499999999996,11.86707630379109,0.02356713426853707,0.009786353137922704,2.819024204296027,0.16802458559582667
42,478.855,11.668226086256642,0.02343687374749499,0.010247420086795862,2.822551228319528,0.1892999780639915
43,478.99,11.928537211242626,0.023246492985971944,0.01089330905058504,2.8212175366334398,0.16638251421775493
44,479.125,12.423767544509193,0.02299599198396794,0.010923222504939194,2.8160686670696724,0.22393266141357282
45,479.47,12.510395677195826,0.022585170340681367,0.01106568151685653,2.8081791179297295,0.22562682818511556
46,479.605,11.235991278031502,0.02233466933867736,0.010296779622176455,2.800921011144666,0.19652975799525998
47,479.755,11.115192306028717,0.02209418837675351,0.010495244639336326,2.7956097019686474,0.23470059773520216
48,479.785,12.459032867763051,0.021943887775551105,0.010643905190292185,2.795346199755203,0.16628177693273918
49,479.56000000000006,11.235991278031504,0.022044088176352707,0.0096338399532841,2.791847308595329,0.19778134112026582
50,479.54500000000013,12.3064007735812,0.021973947895791584,0.010882243297402365,2.783522299803704,0.2593379799510255
51,479.69500000000005,12.203585538684932,0.02182364729458918,0.0107523014045382,2.779290612445699,0.19364967701880276
52,479.53000000000003,12.092456326156404,0.021963927855711426,0.010987374879256752,2.7784010389530076,0.27903599818164937
53,479.53000000000003,16.085008548334688,0.021933867735470944,0.013480212820508215,2.7789103272732096,0.19375938516784152
54,479.20000000000005,13.127356931233342,0.022224448897795592,0.012681982787361212,2.776830892740784,0.23355822774811946
55,479.12500000000006,14.337363774418225,0.022364729458917838,0.012820561991264202,2.7733679656411026,0.19867786956010486
56,478.75000000000006,12.80195297601112,0.022765531062124252,0.011686992634728123,2.7773511661668997,0.20680251006682693
57,478.3,11.195869774162256,0.023216432865731468,0.01124925226507911,2.777386383248865,0.21782515175580508
58,477.95500000000004,12.885165889502547,0.02364729458917836,0.011648700620053638,2.7796783524506794,0.21085130252896392
59,477.955,12.882546332150335,0.023837675350701408,0.01200733641598817,2.7846344082503607,0.20657095086682817
60,477.64000000000004,14.084033513166604,0.0242685370741483,0.01226994719672521,2.7938663126131464,0.23302702483523668
61,477.4600000000001,13.024112253815995,0.024559118236472947,0.012288344462329372,2.7983123816286697,0.21464961709565475
62,477.28,13.453252394867201,0.024759519038076154,0.012666139214697348,2.7983776679727983,0.25770560911422347
63,477.13,13.161591849012794,0.025050100200400806,0.011424603457907193,2.8010635502948644,0.20684938932294164
64,476.995,11.749893616539685,0.025360721442885776,0.01025574475504929,2.809229220814058,0.17048790381605514
65,476.77,12.244998979175131,0.025671342685370746,0.01144918385337531,2.8173383475865643,0.19168685596495838
66,476.935,12.906974858579373,0.02562124248496995,0.011338152432717942,2.819872378335119,0.22220096188313862
67,477.295,10.575797842243393,0.025511022044088186,0.01041843274145347,2.8185016958044167,0.23361676246319993
68,477.62500000000006,9.790301323248432,0.02527054108216434,0.008964436571681379,2.8114154096801416,0.17017634338595308
69,478.1500000000001,12.269779949127043,0.02478957915831664,0.010948470053393496,2.8001958215118634,0.19133811446793023
70,478.75,13.195737948292242,0.024268537074148302,0.011931844205694748,2.7920317559528907,0.2594142262192414
71,479.095,9.385494126576395,0.023917835671342688,0.009745229505479356,2.783594474467277,0.2079154776559215
72,479.425,9.831581764904364,0.02357715430861724,0.009794557144928114,2.778884494562575,0.19500154958968904
73,479.605,9.999499987499375,0.023236472945891786,0.010285072080445963,2.7700738544109407,0.1677466281691758
74,480.1,9.119210492142399,0.02261523046092185,0.00980736216692758,2.757432120607463,0.23918926639506144
75,480.37,8.719374977600173,0.022234468937875757,0.00910170493736952,2.7503679104507786,0.19003353791179892
76,480.74500000000006,9.275774900244185,0.02180360721442886,0.008849459785899646,2.7370196814530017,0.19607718737036411
77,480.9549999999999,11.163668751803772,0.021472945891783567,0.010613204505665422,2.7331491447954592,0.2084250712589096
78,481.34499999999997,12.737641068894979,0.021062124248496995,0.011240323577058241,2.7308151394170337,0.1965286462384421
79,481.42,14.067249198048636,0.020881763527054113,0.0124712270402532,2.7294502716170266,0.19414105084301406
80,481.53999999999996,12.022478945708327,0.020641282565130266,0.010571498441131524,2.7229620171434097,0.1787428433822786
81,481.70500000000004,11.559736156158582,0.020450901803607223,0.0101712044412421,2.7209478137955556,0.2331375357717711
82,481.9150000000001,10.48284312579369,0.02020040080160321,0.010121728496332178,2.719859487429798,0.1680023657862318
83,482.095,11.559736156158582,0.02005010020040081,0.010568173846441051,2.719609353007519,0.19705924731896396
84,481.975,11.719214990774768,0.02009018036072145,0.009981891306943705,2.719406193204134,0.2009574460454127
85,482.2749999999999,11.204909638189859,0.01978957915831664,0.009997971689993125,2.7109959126245893,0.14283369681875666
86,482.19999999999993,11.403946685248927,0.019789579158316636,0.00964998010233378,2.7134761476154683,0.1655062489153413
87,482.26,11.001249928985343,0.019669338677354715,0.009961754325961176,2.7111625028482282,0.17195643921936105
88,481.86999999999995,13.545755792867373,0.019959919839679364,0.011896450564854373,2.7155182784274867,0.2062867921177623
89,481.45000000000005,10.727884227563234,0.02032064128256514,0.009276522584977265,2.726155030477508,0.2235351012073338
90,481.0,11.44235552672613,0.02078156312625251,0.010184521738118325,2.7398651917962002,0.15894644804610503
91,480.745,11.395064721185221,0.021002004008016037,0.009951670555459027,2.7480006546263054,0.2083727503824328
92,480.295,14.98198918702053,0.021402805611222448,0.012867463783137084,2.7538853874481344,0.1850912332578878
93,479.785,13.017200159788587,0.021843687374749503,0.011292011692970585,2.757965121487445,0.19756825310649948
94,479.605,13.011149065320865,0.02207414829659319,0.01098371912308194,2.761364834352289,0.18370355915089917
95,479.1700000000001,10.828088473964367,0.02252505010020041,0.009463502166827733,2.7712122762076556,0.13970528289012882
96,478.975,14.758048651498612,0.02271543086172345,0.012367749718013271,2.775722256437981,0.15794256502629914
97,478.82500000000005,14.302010348199305,0.022865731462925854,0.01213873164000626,2.7833957687236106,0.2714442362696219
98,478.41999999999996,11.629595865721216,0.02312625250501002,0.010089439029629483,2.7911359331028707,0.22931315303664332
99,478.255,10.779146533933009,0.02330661322645291,0.00910446227783611,2.7928059776881717,0.2043659057795619
100,478.195,11.506085346459065,0.02333667334669339,0.01004205997304012,2.7888483107306348,0.1935056812707683
101,478.15,14.55154630958511,0.023356713426853713,0.012296103932179336,2.7775484007752507,0.23725774195009502
102,478.465,17.453581294393423,0.023106212424849705,0.013687169359142274,2.766096303251981,0.20817482702123621
103,478.53999999999996,15.071828024496565,0.02306613226452906,0.012180017153525246,2.767528451106237,0.24122904361163652
104,478.525,13.413053343664894,0.023106212424849705,0.010845275909731139,2.767042108452995,0.20331527553971146
105,478.69,12.639224659764539,0.023076152304609222,0.010808646541211865,2.7702464487912337,0.2567654281267353
106,478.70500000000004,13.730531672153122,0.023186372745490985,0.011779408424597671,2.7735428957816777,0.23271346071921575
107,478.75000000000006,15.671949463930773,0.023246492985971947,0.013218859786805997,2.773818422714808,0.3274053663229609
108,479.2600000000001,13.939512186586732,0.022955911823647295,0.0113871925400055,2.764762403802221,0.2947306722033521
109,479.71000000000004,13.559037576465375,0.022575150300601202,0.012237172654856215,2.7561851764572163,0.23185338864674923
110,479.8000000000001,13.919321104134355,0.022494989979959922,0.012028639737853841,2.7533768580254625,0.24949037012078434
111,479.9200000000001,14.343639705458305,0.02246492985971944,0.011938153456618965,2.76137564202302,0.3003430767247616
112,479.62000000000006,14.600941750448838,0.02269539078156313,0.01259499508013681,2.7724204749812937,0.29085934931821567
113,479.65000000000003,13.612861565446112,0.02265531062124249,0.011693863295306741,2.770761992860232,0.2542511434617708
114,479.86,14.891608375189028,0.022505010020040083,0.012647100728257662,2.771851958019107,0.2693029466042127
115,479.95,13.44656089860898,0.02231462925851704,0.012015277362292177,2.7715877388251715,0.212497625373052
116,480.19,14.245262370346149,0.02200400801603207,0.01216145601668374,2.7704780362392087,0.21642446199137108
117,480.29499999999996,15.891507165778831,0.021813627254509024,0.01317930504806203,2.771353848847649,0.3034239866303957
118,480.41499999999996,13.56981945347837,0.02167334669338678,0.012337269716730569,2.7767373219393607,0.3204193484446054
119,480.42999999999995,13.691146774467068,0.021633266533066138,0.011908260133663792,2.783562995955448,0.23867591342687136
