N,T,seed,K,state,n_obs,dominant_regime,purity,self_transition
50,2000,44,4,0,42256,exploratory,0.5089,0.7283
50,2000,44,4,1,11607,unstable,1.0,0.5341
50,2000,44,4,2,8324,unstable,0.9998,0.4858
50,2000,44,4,3,37813,stable,0.9991,0.7535
50,2000,44,5,0,19844,stable,0.9992,0.7328
50,2000,44,5,1,42213,exploratory,0.5094,0.7293
50,2000,44,5,2,848,unstable,1.0,0.3081
50,2000,44,5,3,19080,unstable,0.9999,0.5501
50,2000,44,5,4,18015,stable,0.9995,0.4805
50,2000,44,6,0,20811,adaptive,0.9767,0.4971
50,2000,44,6,1,8636,unstable,1.0,0.4757
50,2000,44,6,2,21355,exploratory,0.9853,0.5532
50,2000,44,6,3,138,unstable,1.0,0.0385
50,2000,44,6,4,11161,unstable,1.0,0.5437
50,2000,44,6,5,37899,stable,0.9989,0.7546
50,2000,44,7,0,19883,stable,0.9986,0.7351
50,2000,44,7,1,18024,stable,0.9996,0.4869
50,2000,44,7,2,21381,exploratory,0.9845,0.5532
50,2000,44,7,3,20777,adaptive,0.9779,0.4977
50,2000,44,7,4,6604,unstable,1.0,0.3593
50,2000,44,7,5,585,unstable,1.0,0.0012
50,2000,44,7,6,12746,unstable,1.0,0.4655
50,2000,44,8,0,18298,stable,0.9995,0.4879
50,2000,44,8,1,405,unstable,1.0,0.4158
50,2000,44,8,2,3990,unstable,1.0,0.3971
50,2000,44,8,3,20782,adaptive,0.978,0.498
50,2000,44,8,4,19603,stable,0.999,0.732
50,2000,44,8,5,21382,exploratory,0.9847,0.5532
50,2000,44,8,6,9941,unstable,1.0,0.4692
50,2000,44,8,7,5599,unstable,1.0,0.4397
50,5000,47,4,0,106163,exploratory,0.51,0.7284
50,5000,47,4,1,38094,unstable,1.0,0.567
50,5000,47,4,2,93019,stable,0.9989,0.7484
50,5000,47,4,3,12724,unstable,0.9987,0.4421
50,5000,47,5,0,14703,unstable,1.0,0.0001
50,5000,47,5,1,52232,adaptive,0.9752,0.4995
50,5000,47,5,2,93221,stable,0.9986,0.7496
50,5000,47,5,3,53735,exploratory,0.985,0.5511
50,5000,47,5,4,36109,unstable,0.9999,0.3913
50,5000,47,6,0,43415,stable,0.9995,0.4698
50,5000,47,6,1,43237,unstable,0.9997,0.4759
50,5000,47,6,2,5653,unstable,0.9998,0.0002
50,5000,47,6,3,49713,stable,0.999,0.7271
50,5000,47,6,4,106055,exploratory,0.5106,0.7294
50,5000,47,6,5,1927,unstable,1.0,0.3689
50,5000,47,7,0,23847,unstable,0.9998,0.4549
50,5000,47,7,1,49310,stable,0.9991,0.725
50,5000,47,7,2,106061,exploratory,0.5106,0.7295
50,5000,47,7,3,13963,unstable,0.9999,0.3896
50,5000,47,7,4,43820,stable,0.9994,0.4707
50,5000,47,7,5,10623,unstable,0.9993,0.0
50,5000,47,7,6,2376,unstable,1.0,0.1667
50,5000,47,8,0,53668,exploratory,0.9855,0.5511
50,5000,47,8,1,9240,unstable,0.9997,0.4
50,5000,47,8,2,93219,stable,0.9986,0.7496
50,5000,47,8,3,6904,unstable,1.0,0.3014
50,5000,47,8,4,52305,adaptive,0.9745,0.4995
50,5000,47,8,5,1372,unstable,1.0,0.0242
50,5000,47,8,6,28220,unstable,1.0,0.4542
50,5000,47,8,7,5072,unstable,1.0,0.0208
