N,T,seed,K,restart_seed,is_production_seed,log_likelihood,bic,elapsed_s
50,2000,44,5,44,True,-166198.083,334226.7,55.5
50,2000,44,5,0,False,-170038.607,341907.8,53.1
50,2000,44,5,1,False,-170086.436,342003.4,52.9
50,2000,44,5,2,False,-150679.831,303190.2,54.4
50,2000,44,6,44,True,-150714.149,303696.3,67.8
50,2000,44,6,0,False,-150511.019,303290.1,67.6
50,2000,44,6,1,False,-150741.774,303751.6,64.7
50,2000,44,6,2,False,-150662.339,303592.7,64.2
50,5000,47,5,47,True,-382620.09,767216.4,86.1
50,5000,47,5,0,False,-382623.942,767224.1,85.1
50,5000,47,5,1,False,-430310.923,862598.1,84.4
50,5000,47,5,2,False,-382469.5,766915.2,85.6
50,5000,47,6,47,True,-382394.413,767237.4,106.2
50,5000,47,6,0,False,-382145.597,766739.7,105.6
50,5000,47,6,1,False,-382613.783,767676.1,105.4
50,5000,47,6,2,False,-382618.67,767685.9,106.5
50,5000,47,8,47,True,-372849.561,749166.9,143.5
50,5000,47,8,0,False,-382328.634,768125.0,144.2
50,5000,47,8,1,False,-382377.703,768223.2,143.4
50,5000,47,8,2,False,-429905.069,863277.9,140.1
50,2000,44,4,44,True,-170043.676,341503.4,41.6
50,2000,44,7,44,True,-150604.148,303936.9,77.5
50,5000,47,4,47,True,-430342.924,862214.6,66.7
50,5000,47,7,47,True,-382447.889,767841.5,125.3
