K,state,n_obs,dominant_regime,purity,self_transition,label
4,0,4356,unstable,0.9995,0.2826,unstable-core
4,1,105457,exploratory,0.5098,0.7257,exploratory
4,2,46349,unstable,0.999,0.4973,unstable-boundary
4,3,93838,stable,0.9968,0.7507,stable
5,0,52365,adaptive,0.975,0.5,adaptive
5,1,49433,unstable,0.9999,0.655,unstable-boundary
5,2,93615,stable,0.9987,0.7504,stable
5,3,1221,unstable,1.0,0.5034,unstable-core
5,4,53366,exploratory,0.9852,0.5499,exploratory
6,0,52353,adaptive,0.9751,0.5,adaptive
6,1,213,unstable,1.0,0.4593,unstable-core
6,2,93618,stable,0.9986,0.7504,stable
6,3,53376,exploratory,0.9851,0.5499,exploratory
6,4,526,unstable,1.0,0.6312,unstable-boundary
6,5,49914,unstable,0.9999,0.6751,unstable-mixed
