N,T,seed,total_obs,cov_type_used,min_covar_used,n_restarts_succeeded,n_restarts_attempted,converged,n_iter_full,tried_fallback,ll_per_obs_full,max_condition_number,min_eigenvalue,state_collapse,reliable,sufficiency_warning,ari_full,accuracy_full,unstable_recall_full,diag_fit_failed,ari_diag,accuracy_diag,ll_per_obs_diag,diag_bic_failed,bic_opt_k_diag,bic_opt_k_full
5,500,42,2500,full,0.01,30,30,True,32,False,-1.5081257394646321,12.879651980254108,0.005199829996476736,False,True,False,0.9845357651337749,0.9928,0.9999999999999979,False,0.7757604359608475,0.7704,-1.9252060570223906,False,5,5
5,500,43,2500,full,0.0001,30,30,True,36,False,-1.49011848097977,14.36867842311801,0.004708855501995023,False,True,False,0.9849340370059692,0.9932,0.9999999999999979,False,0.7338065087496798,0.6956,-1.922835326504549,False,5,5
5,500,44,2500,full,0.0001,30,30,True,28,False,-1.4838216995232216,13.819927057116232,0.0050237108995169946,False,True,False,0.9857594351764106,0.9936,0.9999999999999978,False,0.762788974013667,0.766,-1.940842655859616,False,5,6
5,500,45,2500,full,0.0001,30,30,True,30,False,-1.4413488817039803,14.883512690825006,0.004469165642702061,False,True,False,0.9855006307192721,0.9932,0.9999999999999979,False,0.7416649747926956,0.7148,-1.8760196913323532,False,5,5
5,500,46,2500,full,0.01,30,30,True,39,False,-1.4196526992267415,15.5418627253085,0.004659150737104204,False,True,False,0.9863940321711993,0.9936,0.9999999999999979,False,0.7678685116249728,0.764,-1.8492179635071706,False,5,5
5,500,47,2500,full,0.01,30,30,True,40,False,-1.4037967091567105,16.5773032776758,0.004468314910376445,False,True,False,0.9830397372100246,0.9924,0.9999999999999978,False,0.7440967526786904,0.6988,-1.8462670058249506,False,5,5
5,500,48,2500,full,0.0001,30,30,True,27,False,-1.3826560940930679,16.99099090582048,0.004521096841149352,False,True,False,0.982875958614711,0.992,0.9999999999999978,False,0.7729163810980991,0.7644,-1.823843116382909,False,5,5
5,500,49,2500,full,0.0001,30,30,True,24,False,-1.392835607179569,17.338956483068493,0.0043071179337759065,False,True,False,0.9786215596037477,0.99,0.9999999999999979,False,0.7746820303524172,0.7788,-1.8245357912025588,False,5,5
5,500,50,2500,full,0.001,30,30,True,41,False,-1.4386336354268079,15.438015587155009,0.004431058841780395,False,True,False,0.9857945594975657,0.9932,0.999999999999998,False,0.7747180616721183,0.7724,-1.8569940200493475,False,5,5
5,500,51,2500,full,0.0001,30,30,True,33,False,-1.5016816377790343,16.026560852256434,0.004128951860795335,False,True,False,0.9810094761074208,0.9908,0.998201438848919,False,0.7745938324666061,0.7708,-1.9064842459168565,False,5,5
5,1000,42,5000,full,0.01,30,30,True,205,False,-1.7188534530429882,65.32012698373751,0.004776122587565013,False,True,False,0.777317531921686,0.7766,0.9411764705882343,False,0.7820660167012411,0.7802,-1.9596198904651396,False,7,7
5,1000,43,5000,full,0.001,30,30,True,24,False,-1.524793075980037,13.509341119194534,0.004822774812449538,False,True,False,0.9806161588321365,0.9914,0.9999999999999989,False,0.7310848115544794,0.6908,-1.9595268745357677,False,5,5
5,1000,44,5000,full,0.0001,30,30,True,31,False,-1.552660488807356,13.550397655603984,0.00478606440388689,False,True,False,0.9819342691437972,0.992,0.999999999999999,False,0.7331853755460374,0.715,-2.00481184620699,False,6,6
5,1000,45,5000,full,0.001,30,30,True,260,False,-1.7272012009576865,109.53857428268171,0.004368647648027093,False,True,False,0.7766324401139016,0.7786,0.964252116650987,False,0.7560878808269138,0.7574,-1.9669099810673567,False,5,7
5,1000,46,5000,full,0.01,30,30,True,104,False,-1.6761685618821143,14.127508545127391,0.004581841815325045,False,True,False,0.7591068026241462,0.7526,0.832023575638506,False,0.7350251968746245,0.6898,-1.9167344377341455,False,6,5
5,1000,47,5000,full,0.0001,30,30,True,29,False,-1.4474818972591574,14.849392937108398,0.004529902672004763,False,True,False,0.9820520492999393,0.992,0.999999999999999,False,0.9814613121733358,0.9918,-1.4554155787514516,False,4,4
5,1000,48,5000,full,0.0001,30,30,True,26,False,-1.4681179759719614,16.01731219291567,0.004345899730454344,False,True,False,0.9842426422667594,0.9928,0.999999999999999,False,0.7665185177024416,0.7642,-1.9080399297816089,False,6,6
5,1000,49,5000,full,0.01,30,30,True,23,False,-1.440581808700037,16.003408687976993,0.004431913114478307,False,True,False,0.9824310408256453,0.992,0.9999999999999989,False,0.7464886833449638,0.7334,-1.8763736791607648,False,5,6
5,1000,50,5000,full,0.01,30,30,True,35,False,-1.4968623401278824,15.145501489126858,0.004708915297333197,False,True,False,0.9868060864098334,0.994,0.9999999999999989,False,0.7776953890321081,0.7754,-1.934303542494917,False,5,5
5,1000,51,5000,full,0.0001,30,30,True,40,False,-1.5116947528873381,15.391165285449295,0.00451673148195415,False,True,False,0.9855664670632444,0.9932,0.9990234374999991,False,0.7819134833857924,0.7724,-1.9334126475773132,False,5,5
5,2000,42,10000,full,0.01,30,30,True,29,False,-1.5268399257720078,13.103187267410728,0.005060296164220532,False,True,False,0.9812171492469064,0.9914,0.9999999999999996,False,0.7891484828616002,0.7861,-1.9462329419223545,False,5,5
5,2000,43,10000,full,0.01,30,30,True,37,False,-1.5309131673597647,13.037562907273054,0.005068493915141279,False,True,False,0.9756847101019255,0.9892,0.9999999999999996,False,0.9766803920653475,0.9898,-1.5356779694085403,False,4,4
5,2000,44,10000,full,0.001,30,30,True,32,False,-1.5295322508839573,13.306886833638591,0.0049928015575848505,False,True,False,0.9766918539583911,0.9896,0.9999999999999996,False,0.7354997010542743,0.7062,-1.9570611386107106,False,5,5
5,2000,45,10000,full,0.01,30,30,True,39,False,-1.494011547390973,14.116237458870014,0.004586807295119856,False,True,False,0.9763891772931006,0.9893,0.9999999999999996,False,0.7684605754369466,0.7677,-1.9052588137810162,False,5,5
5,2000,46,10000,full,0.01,30,30,True,60,False,-1.5006493136790522,14.082680259964237,0.004735397909229103,False,True,False,0.9792391909996652,0.9906,0.9999999999999996,False,0.7819774270478257,0.7808,-1.9184393286450632,False,8,5
5,2000,47,10000,full,0.01,30,30,True,28,False,-1.4844627899428116,14.845373461437637,0.004495856703996567,False,True,False,0.9807640960174537,0.9911,0.9999999999999996,False,0.7371224703682245,0.6888,-1.9074262433576885,False,5,5
5,2000,48,10000,full,0.001,30,30,True,46,False,-1.470206453941128,15.481801346504747,0.0043960053140248735,False,True,False,0.9835909242404063,0.9922,0.9999999999999996,False,0.7430812505964752,0.7,-1.8940353392494678,False,5,6
5,2000,49,10000,full,0.001,30,30,True,41,False,-1.4407880958366504,15.133750008660703,0.004537335832960263,False,True,False,0.9836657191627965,0.9923,0.9999999999999996,False,0.7609976842153218,0.747,-1.8625379385377645,False,5,5
5,2000,50,10000,full,0.01,30,30,True,39,False,-1.4755090392263748,13.964048531182497,0.004904227904772079,False,True,False,0.9865291335194207,0.9937,0.9994877049180323,False,0.7664257315912912,0.7501,-1.903019088167395,False,5,5
5,2000,51,10000,full,0.001,30,30,True,38,False,-1.4996070544860263,14.292174541599023,0.004741286362403536,False,True,False,0.985093748402519,0.9929,0.9994936708860754,False,0.7590420799814946,0.7338,-1.9152244047697409,False,5,8
5,5000,42,25000,full,0.01,30,30,True,52,False,-1.5328594685621157,14.050210650366132,0.004841167447097032,False,True,False,0.9784845936042097,0.99012,0.9999999999999998,False,0.7747330122249805,0.77036,-1.9551643223831494,False,5,5
5,5000,43,25000,full,0.001,30,30,True,29,False,-1.515390556797848,14.266383160065244,0.004729403494027899,False,True,False,0.9774150727027452,0.98968,0.9999999999999998,False,0.742904161485089,0.6982,-1.9229269476977946,False,5,8
5,5000,44,25000,full,0.01,30,30,True,300,False,-1.7639633024432242,14.134771261883719,0.004672282889414404,False,True,False,0.7362061720214513,0.71808,0.6602286164761528,False,0.7572523807116859,0.75468,-1.983412158135541,False,5,8
5,5000,45,25000,full,0.01,30,30,True,32,False,-1.5507210589016651,14.512906003640797,0.004519364753290355,False,True,False,0.9766614508696976,0.98932,0.9998079877112134,False,0.7692379761299688,0.77068,-1.9531783460174184,False,5,8
5,5000,46,25000,full,0.01,30,30,True,39,False,-1.5236800279921086,13.793716074583768,0.004747623814031536,False,True,False,0.9775902172649354,0.98964,0.9998039984319873,False,0.7637138635710116,0.7594,-1.9273719965101563,False,5,6
5,5000,47,25000,full,0.01,30,30,True,39,False,-1.4822106354374247,13.965313613625531,0.004656319536607136,False,True,False,0.9804510542305902,0.99088,0.9998054474708169,False,0.7413158051772387,0.69616,-1.8902435047191588,False,5,5
5,5000,48,25000,full,0.01,30,30,True,29,False,-1.5024117179210414,14.278485032807863,0.004666002800574558,False,True,False,0.9819819066665051,0.99176,0.9998062015503875,False,0.76143687539967,0.75416,-1.9188448895596235,False,5,5
5,5000,49,25000,full,0.01,30,30,True,103,False,-1.6398399548418476,14.255101126530857,0.0031665235978767365,False,True,False,0.6011240758464665,0.6126,0.9997989949748742,False,0.741708008660278,0.7084,-1.903141968129528,False,5,5
5,5000,50,25000,full,0.001,30,30,True,44,False,-1.5088584639097853,13.69696285826949,0.004945148346332064,False,True,False,0.9825032543382711,0.99216,0.9997955846279638,False,0.7426516375823516,0.70836,-1.935099242801741,False,5,4
5,5000,51,25000,full,0.01,30,30,True,37,False,-1.5331216418251956,14.060636281097029,0.0048501838613063345,False,True,False,0.981067278116315,0.9914,0.9997968305566841,False,0.7687682524763805,0.7676,-1.9503143673966359,False,5,4
10,500,42,5000,full,0.001,30,30,True,24,False,-1.4637054596730765,14.27343667899488,0.004895588716875373,False,True,False,0.9845831127642036,0.9928,0.9999999999999989,False,0.7810615864520222,0.7766,-1.886490219563116,False,5,5
10,500,43,5000,full,0.01,30,30,True,27,False,-1.46333178263433,15.424386258369395,0.004711151266680971,False,True,False,0.9839750017700563,0.9926,0.9999999999999989,False,0.7399854553531982,0.6978,-1.8961813303087853,False,5,4
10,500,44,5000,full,0.0001,30,30,True,25,False,-1.4439130998939418,15.359514164060563,0.004656284649509173,False,True,False,0.9830385448703269,0.9922,0.9999999999999989,False,0.7734540066545729,0.7718,-1.8803292863105,False,5,6
10,500,45,5000,full,0.001,30,30,True,33,False,-1.4672816659268089,15.153091127841625,0.00449450951013397,False,True,False,0.9830832721074356,0.992,0.999003984063744,False,0.7838228275329828,0.781,-1.8880406098385032,False,5,5
10,500,46,5000,full,0.001,30,30,True,36,False,-1.468256230930663,15.530153867964028,0.004392417005313166,False,True,False,0.9836869341407688,0.9922,0.9990393852065313,False,0.7769245969011314,0.7686,-1.8784220479550542,False,5,6
10,500,47,5000,full,0.0001,30,30,True,30,False,-1.5411516553150295,15.850316912550173,0.004405746550349933,False,True,False,0.9799296170117048,0.9908,0.998998998998998,False,0.7508600369020119,0.742,-1.962127000764201,False,5,5
10,500,48,5000,full,0.0001,30,30,True,30,False,-1.5414967868059715,15.49750915952705,0.004439353912352616,False,True,False,0.9796053857878129,0.9906,0.9990328820116046,False,0.7637158571404088,0.7626,-1.9636443448012644,False,5,5
10,500,49,5000,full,0.001,30,30,True,34,False,-1.5766214746569815,15.072552124091688,0.004555726816300357,False,True,False,0.978619011426761,0.9902,0.9990494296577939,False,0.7341034932787333,0.7154,-1.9883381239611644,False,5,8
10,500,50,5000,full,0.01,30,30,True,31,False,-1.5602614254461924,14.809206956948724,0.004475984701761463,False,True,False,0.9817437463492009,0.9916,0.9990689013035373,False,0.782025581626612,0.7792,-1.9662449774468262,False,6,5
10,500,51,5000,full,0.001,30,30,True,52,False,-1.580182621455561,14.517455077846302,0.004391207401407157,False,True,False,0.981154175271523,0.9914,0.9990842490842482,False,0.7341873073585053,0.7058,-1.9885488600614138,False,5,5
10,1000,42,10000,full,0.001,30,30,True,26,False,-1.4911053357225985,14.015755413559823,0.00472376083959518,False,True,False,0.9833490805843601,0.9925,0.9999999999999996,False,0.7845309736731424,0.7837,-1.9241754942826097,False,5,7
10,1000,43,10000,full,0.01,30,30,True,30,False,-1.5117666277041752,14.639061240972579,0.0046194547704010045,False,True,False,0.9830888689724125,0.9925,0.9999999999999996,False,0.7359146284625627,0.7064,-1.9449362826120775,False,5,4
10,1000,44,10000,full,0.0001,30,30,True,35,False,-1.5006613638637112,14.623598164675935,0.004622763786843391,False,True,False,0.9827566912188398,0.9923,0.9999999999999996,False,0.7370555312673701,0.7107,-1.937164748592671,False,5,5
10,1000,45,10000,full,0.001,30,30,True,25,False,-1.525600021143573,14.604374032228714,0.004572262091240524,False,True,False,0.9827007758101174,0.9922,0.9995054401582587,False,0.7385748728638286,0.7149,-1.9559393671465333,False,8,6
10,1000,46,10000,full,0.0001,30,30,True,31,False,-1.5075022909926932,14.634008373787138,0.004571037990825452,False,True,False,0.9826640018473738,0.992,0.9995126705653017,False,0.7510292547027055,0.7308,-1.9275626881702062,False,6,5
10,1000,47,10000,full,0.001,30,30,True,25,False,-1.52983751713409,14.767677766558634,0.00460429184625042,False,True,False,0.9834264989472021,0.9924,0.9994999999999995,False,0.7398898793244674,0.692,-1.9525329473220343,False,5,5
10,1000,48,10000,full,0.001,30,30,True,51,False,-1.5341870273728222,15.026538212276119,0.004538510232754075,False,True,False,0.983747304006887,0.9925,0.9995169082125599,False,0.7722065035724969,0.7666,-1.960371675016958,False,8,8
10,1000,49,10000,full,0.01,30,30,True,31,False,-1.5198842928434002,14.630280075411298,0.004697146499913742,False,True,False,0.9835768911863101,0.9924,0.9995081160846035,False,0.7523300262579486,0.7358,-1.9384754603487993,False,5,5
10,1000,50,10000,full,0.0001,30,30,True,33,False,-1.5195922626103278,14.886615345930226,0.004681040320792794,False,True,False,0.9839981149371048,0.9926,0.9995024875621886,False,0.7576458460960177,0.7407,-1.9351194301494703,False,8,8
10,1000,51,10000,full,0.01,30,30,True,42,False,-1.5040947649729153,14.695978257755929,0.004621808961446927,False,True,False,0.9840557173460055,0.9926,0.9995098039215682,False,0.7625307395344025,0.7492,-1.9221780416767131,False,5,5
10,2000,42,20000,full,0.0001,30,30,True,300,False,-1.6615418608068944,14.343574348528296,0.0033006426985277043,False,True,False,0.6006532229257445,0.6158,0.9997470275739943,False,0.7738161215055253,0.7683,-1.9250507817213314,False,7,7
10,2000,43,20000,full,0.01,30,30,True,29,False,-1.5034552302229884,14.181100361510431,0.0047265792462866454,False,True,False,0.9804597526628488,0.99115,0.9999999999999998,False,0.7406845357858458,0.7058,-1.9218026957933922,False,5,5
10,2000,44,20000,full,0.0001,30,30,True,40,False,-1.4872271974846285,14.157279930986267,0.004764308389801066,False,True,False,0.9808644263148487,0.9913,0.9999999999999998,False,0.7520348187696627,0.7362,-1.9082890960750887,False,5,6
10,2000,45,20000,full,0.001,30,30,True,27,False,-1.4911635155271452,14.030908266926824,0.0047529919377739096,False,True,False,0.9806475782081239,0.9911,0.9997472832954256,False,0.7424135703294912,0.69375,-1.9090966406375869,False,5,5
10,2000,46,20000,full,0.001,30,30,True,22,False,-1.5037435483784551,14.144081875732967,0.004736939851158493,False,True,False,0.9810185524619542,0.9911,0.9997503121098624,False,0.7458175821548968,0.70985,-1.9178515432806746,False,8,5
10,2000,47,20000,full,0.001,30,30,True,26,False,-1.5138434505957488,14.073529414851603,0.00473560727524653,False,True,False,0.981535288822235,0.99135,0.999748617395676,False,0.7430371963866594,0.6963,-1.9333188844979707,False,6,4
10,2000,48,20000,full,0.01,30,30,True,38,False,-1.5140252951750195,14.435711085222152,0.004650965747554289,False,True,False,0.9827985637767379,0.9919,0.9997554414282218,False,0.7824112978270059,0.7768,-1.939385285957838,False,5,5
10,2000,49,20000,full,0.01,30,30,True,42,False,-1.5117166498899257,14.12545282513322,0.004781188229371127,False,True,False,0.9829845252223224,0.992,0.9997502497502495,False,0.7664210099301726,0.7552,-1.9321403737274239,False,5,5
10,2000,50,20000,full,0.01,30,30,True,27,False,-1.524492277699942,14.090025413783899,0.004848545994492065,False,True,False,0.984125968107701,0.9926,0.9997466430200149,False,0.7609923594847052,0.74655,-1.9477007919845455,False,6,8
10,2000,51,20000,full,0.0001,30,30,True,48,False,-1.5259401456855815,13.952134679281924,0.0047678138881741905,False,True,False,0.9832349452635214,0.99225,0.9997470915528577,False,0.7686676925530145,0.7614,-1.9490485280398735,False,5,4
10,5000,42,50000,full,0.01,30,30,True,31,False,-1.507306981942074,13.99356711913064,0.0047470728795696165,False,True,False,0.9796601867952074,0.9906,0.9999000199960006,False,0.7762092820298123,0.77228,-1.9215451555886673,False,5,5
10,5000,43,50000,full,0.01,30,30,True,41,False,-1.5106525494935745,14.268365763838972,0.004699306128190283,False,True,False,0.979721226686621,0.9907,0.9998999699909971,False,0.7482692068263787,0.72872,-1.9221218001503673,False,5,4
10,5000,44,50000,full,0.01,30,30,True,25,False,-1.5290335053762796,14.060419308196613,0.004732975195489533,False,True,False,0.9793020413888684,0.99064,0.9999005074121976,False,0.7454588129316406,0.72856,-1.9435374235775302,False,8,5
10,5000,45,50000,full,0.01,30,30,True,28,False,-1.53145285963938,14.0981404757677,0.004729135207304041,False,True,False,0.9794793237170603,0.99068,0.9998017839444994,False,0.7383159445064401,0.7062,-1.9454354203668103,False,5,5
10,5000,46,50000,full,0.01,30,30,True,40,False,-1.529255115395709,13.89884333769772,0.004801658712245832,False,True,False,0.9792102475135891,0.99048,0.999800677695834,False,0.7578331396269526,0.75114,-1.9385186774415348,False,5,5
10,5000,47,50000,full,0.0001,30,30,True,37,False,-1.5256060137651126,13.895750822909848,0.004827451884220319,False,True,False,0.9798157893128496,0.99076,0.9997985901309162,False,0.7414669839796718,0.71,-1.9356315105076012,False,7,7
10,5000,48,50000,full,0.001,30,30,True,26,False,-1.5451645906117137,14.085757239442493,0.004786742739696897,False,True,False,0.9805475941148408,0.9912,0.9998011730788346,False,0.7806570986759883,0.78268,-1.9640602794659086,False,5,5
10,5000,49,50000,full,0.01,30,30,True,38,False,-1.5354764389377937,14.085124848380463,0.004780319218948179,False,True,False,0.98105778934905,0.99142,0.9997984683595322,False,0.7388801556800461,0.7079,-1.9535606961312244,False,5,5
10,5000,50,50000,full,0.001,30,30,True,27,False,-1.5423512964959356,14.04232432292854,0.004841805533065737,False,True,False,0.9811337031948308,0.99148,0.9997957307731589,False,0.7409037050500452,0.71468,-1.9625536878127534,False,5,6
10,5000,51,50000,full,0.01,30,30,True,35,False,-1.5507666428045028,13.971679844037563,0.004799335397637972,False,True,False,0.9805071175921823,0.99122,0.9996970920840063,False,0.7360636030171536,0.694,-1.9681284128966474,False,5,4
20,500,42,10000,full,0.01,30,30,True,22,False,-1.538157567103228,14.28757172144704,0.004683137393566301,False,True,False,0.9817596296196328,0.9916,0.9995121951219508,False,0.7551285693159941,0.747,-1.9494829127180746,False,5,5
20,500,43,10000,full,0.01,30,30,True,23,False,-1.5558943018247984,14.815578098775942,0.004569327017055655,False,True,False,0.9813102106963832,0.9915,0.9995147986414358,False,0.7481757816966851,0.7409,-1.970662119998634,False,5,5
20,500,44,10000,full,0.01,30,30,True,248,False,-1.761292080714833,14.590987957119061,0.004533378667516642,False,True,False,0.7271199943267082,0.6997,0.566241413150147,False,0.7314399300410345,0.703,-1.982373128477644,False,5,8
20,500,45,10000,full,0.001,30,30,True,25,False,-1.57584702967858,14.307060253480783,0.004624838774163629,False,True,False,0.9803440073998783,0.9911,0.9995078740157476,False,0.7326076912626951,0.7065,-1.9875313867837394,False,5,5
20,500,46,10000,full,0.01,30,30,True,30,False,-1.5791925937262106,14.147681712334855,0.004636727240180198,False,True,False,0.9808859203759962,0.9913,0.9995090819833083,False,0.7797085341169645,0.7878,-1.987049109718208,False,5,5
20,500,47,10000,full,0.0001,30,30,True,36,False,-1.5621609743853058,14.320325396408869,0.004606269289055944,False,True,False,0.9804468158991008,0.9911,0.9995059288537544,False,0.7335898416642433,0.6942,-1.9748649390535276,False,5,5
20,500,48,10000,full,0.01,30,30,True,26,False,-1.555751339838955,14.202196082149435,0.004688553625918082,False,True,False,0.9807942530365424,0.9912,0.9995049504950491,False,0.7644999806414161,0.7659,-1.9664300571302493,False,5,6
20,500,49,10000,full,0.001,30,30,True,36,False,-1.575793925685176,14.253796590924178,0.004680407761339326,False,True,False,0.9773147327943407,0.9897,0.9995034756703074,False,0.7491002480730906,0.7471,-1.9844510657890733,False,5,5
20,500,50,10000,full,0.001,30,30,True,37,False,-1.5464114851007345,13.73390454884973,0.004710498792766276,False,True,False,0.9791192599739498,0.9905,0.9995102840352591,False,0.7387470088064221,0.7013,-1.9521254960058807,False,5,7
20,500,51,10000,full,0.001,30,30,True,26,False,-1.538484670420465,13.835730022149363,0.004634367342093588,False,True,False,0.9794467835640724,0.9906,0.9995147986414358,False,0.7883191693095657,0.7935,-1.9469507082924997,False,5,4
20,1000,42,20000,full,0.01,30,30,True,40,False,-1.5108413358769046,14.347888339594906,0.004690733269210839,False,True,False,0.983282428458118,0.9924,0.9997512437810943,False,0.7744898559599975,0.7688,-1.9307611227966983,False,6,6
20,1000,43,20000,full,0.01,30,30,True,37,False,-1.5164591295610517,14.647480426044332,0.004585743197907113,False,True,False,0.9824245489054204,0.99205,0.9997519841269839,False,0.7407231836358584,0.70565,-1.935443346443605,False,5,4
20,1000,44,20000,full,0.001,30,30,True,31,False,-1.5232454851808608,14.442800212680957,0.0046306112629637235,False,True,False,0.9821791663071487,0.9919,0.9997509339975091,False,0.7410849573505862,0.71,-1.9437246202407577,False,5,5
20,1000,45,20000,full,0.01,30,30,True,24,False,-1.5293938080676999,14.295206620744732,0.004665945566247792,False,True,False,0.9822043340130499,0.9919,0.999750124937531,False,0.738810609642764,0.69395,-1.9462408307520362,False,5,5
20,1000,46,20000,full,0.01,30,30,True,25,False,-1.513820200780942,14.078089512022501,0.004674055346020074,False,True,False,0.9827086280613608,0.99205,0.9997512437810943,False,0.7567396157902331,0.7449,-1.9237320613798172,False,5,8
20,1000,47,20000,full,0.0001,30,30,True,31,False,-1.495087493165798,14.197413388501218,0.004655566034359588,False,True,False,0.9824580252974339,0.99195,0.9997492477432295,False,0.7447960797365438,0.70495,-1.907629744568728,False,5,5
20,1000,48,20000,full,0.001,30,30,True,26,False,-1.4839004779356724,14.28336298324596,0.004608923108689662,False,True,False,0.9824598138319812,0.99185,0.9997522913054246,False,0.790397984603486,0.7854,-1.894403951963588,False,5,5
20,1000,49,20000,full,0.01,30,30,True,31,False,-1.4957946135440208,14.193669592814707,0.004652587798026345,False,True,False,0.9817135746681418,0.99155,0.9997501873594802,False,0.7746804362796371,0.76915,-1.9050584916659279,False,5,5
20,1000,50,20000,full,0.0001,30,30,True,39,False,-1.4944666362184118,13.889608035454811,0.004715945679304131,False,True,False,0.9826700896309813,0.99195,0.9997522299306242,False,0.7519898037050806,0.72735,-1.9007465257323608,False,6,5
20,1000,51,20000,full,0.01,30,30,True,33,False,-1.4773489780419768,14.020659390817562,0.004600324709691973,False,True,False,0.9828917500622312,0.992,0.9997554414282218,False,0.754108141413591,0.7298,-1.8841689645058286,False,6,6
20,2000,42,40000,full,0.01,30,30,True,41,False,-1.5167250506480734,13.776977375699499,0.00477127223428308,False,True,False,0.9815377548206724,0.9915,0.9998742454728369,False,0.775186605009185,0.77015,-1.9363837196403888,False,6,5
20,2000,43,40000,full,0.001,30,30,True,26,False,-1.523159515641222,14.054597155637994,0.004686366353176153,False,True,False,0.9813512733672455,0.991475,0.9998744034162269,False,0.9815675122975067,0.9916,-1.5240895809200659,False,4,6
20,2000,44,40000,full,0.0001,30,30,True,300,False,-1.7293908418267006,14.038663573097013,0.004658276872592225,False,True,False,0.7507326984442114,0.74265,0.7740517457925143,False,0.7540634633479282,0.744575,-1.9557511700770749,False,5,6
20,2000,45,40000,full,0.001,30,30,True,37,False,-1.5281057870251835,13.957836907882136,0.004712726731007935,False,True,False,0.9810975343915114,0.99135,0.9998738488709473,False,0.7718938115828767,0.77015,-1.9490568926127438,False,5,5
20,2000,46,40000,full,0.01,30,30,True,300,False,-1.725298339318025,13.978324962120302,0.004663211879956027,False,True,False,0.7400252858235629,0.71255,0.6050578761952692,False,0.7633646869030705,0.7597,-1.9480290518567025,False,5,5
20,2000,47,40000,full,0.01,30,30,True,39,False,-1.5165287044298115,14.008823043888912,0.004680167682168235,False,True,False,0.9820904647437325,0.991725,0.9998742928975486,False,0.7414210097744404,0.699075,-1.935902456327395,False,5,7
20,2000,48,40000,full,0.001,30,30,True,33,False,-1.5041492029124008,14.183229987025989,0.004588634536645655,False,True,False,0.9824197594393297,0.9918,0.9998769533653253,False,0.7636683306516945,0.756375,-1.9212234389391618,False,5,6
20,2000,49,40000,full,0.01,30,30,True,37,False,-1.5081085354066592,14.148870965532442,0.004609352825341915,False,True,False,0.9816546898167513,0.991475,0.9998753428072799,False,0.7425661006542553,0.6973,-1.9254196543927025,False,5,5
20,2000,50,40000,full,0.01,30,30,True,36,False,-1.5148294268522198,13.84516008627653,0.004678761217244036,False,True,False,0.9825184632705796,0.9919,0.9998754669987545,False,0.763350785578797,0.75675,-1.9326087302015633,False,8,7
20,2000,51,40000,full,0.001,30,30,True,25,False,-1.5069223319509708,13.857302610104316,0.0046465372910384104,False,True,False,0.9827560613930971,0.992,0.9998751716389963,False,0.7774195560667885,0.775625,-1.922105087490916,False,6,8
20,5000,42,100000,full,0.01,30,30,True,59,False,-1.5313810812739266,13.95330376114452,0.004774830456479214,False,True,False,0.9800218923750555,0.99087,0.9998496542046708,False,0.7729289745434146,0.77214,-1.9448335498895688,False,7,6
20,5000,43,100000,full,0.0001,30,30,True,41,False,-1.5286557681701598,14.14211009761692,0.0046999758551509365,False,True,False,0.9800066852855858,0.99088,0.999800339422981,False,0.738736125331808,0.69728,-1.940830769870017,False,5,4
20,5000,44,100000,full,0.01,30,30,True,37,False,-1.5338034181029032,13.997908964322518,0.004720980475164145,False,True,False,0.9800070980813406,0.9909,0.9998001199280432,False,0.7400080893615074,0.7114,-1.9477054355404562,False,5,5
20,5000,45,100000,full,0.01,30,30,True,33,False,-1.5293892850459618,13.945410247251099,0.0047373784889747144,False,True,False,0.9799019079859331,0.99083,0.9997495868182501,False,0.7404323943044956,0.71126,-1.9430537795161977,False,5,8
20,5000,46,100000,full,0.01,30,30,True,36,False,-1.5282896762620963,13.895208129749188,0.004764095838531542,False,True,False,0.9798735749516517,0.99081,0.9997488699146158,False,0.758613551812116,0.75277,-1.9396405314131555,False,5,6
20,5000,47,100000,full,0.001,30,30,True,26,False,-1.526488900518237,13.928460884316106,0.004738363274602917,False,True,False,0.9802218537446837,0.99096,0.9997494487873322,False,0.7388085609101531,0.69357,-1.9381087027929054,False,5,5
20,5000,48,100000,full,0.0001,30,30,True,30,False,-1.5264997124485877,13.98820364524644,0.0047170006581174736,False,True,False,0.9803568005361758,0.991,0.999751318014523,False,0.7726569624954897,0.77234,-1.9383809131593546,False,8,8
20,5000,49,100000,full,0.0001,30,30,True,32,False,-1.5162565699087112,14.036438374202325,0.004701697064769978,False,True,False,0.9799462311427356,0.99081,0.9996995794111756,False,0.7408271369525882,0.70486,-1.9287581618509806,False,5,5
20,5000,50,100000,full,0.001,30,30,True,33,False,-1.5225535751876513,13.905853045911599,0.004731010410499626,False,True,False,0.980200757837085,0.99095,0.9997497246971668,False,0.7535908640686232,0.7442,-1.9359484639316442,False,5,5
20,5000,51,100000,full,0.0001,30,30,True,29,False,-1.5267204285001752,13.910293955694373,0.00473027916496982,False,True,False,0.9800895002619848,0.99091,0.9997499124693643,False,0.7410951432782303,0.71035,-1.9389519724766238,False,8,8
50,500,42,25000,full,0.001,30,30,True,28,False,-1.5113485288550685,13.522946299514158,0.004822777211167546,False,True,False,0.981761957271355,0.99164,0.9997928319867411,False,0.7595984167085466,0.7562,-1.9264732853894395,False,7,7
50,500,43,25000,full,0.001,30,30,True,28,False,-1.5188536846413867,13.76473037499173,0.004780200877719438,False,True,False,0.9815398972956584,0.9916,0.9997929606625257,False,0.7379014565118314,0.69868,-1.9381470783622647,False,5,4
50,500,44,25000,full,0.0001,30,30,True,33,False,-1.5119848530014472,13.653378616172928,0.004785693909389445,False,True,False,0.980968125392785,0.99132,0.9995876288659792,False,0.741200381393302,0.71696,-1.9316106991740887,False,5,8
50,500,45,25000,full,0.0001,30,30,True,31,False,-1.5208813277747224,13.726924576782906,0.0047707444993849565,False,True,False,0.9810046954669288,0.99132,0.9995899118310435,False,0.7693119047500053,0.7724,-1.9384581678507289,False,5,7
50,500,46,25000,full,0.01,30,30,True,39,False,-1.514169203908433,13.661409775640362,0.004739036220741991,False,True,False,0.9814608080580938,0.99148,0.9995954692556632,False,0.7653888059679683,0.76688,-1.9283799605383438,False,5,5
50,500,47,25000,full,0.0001,30,30,True,36,False,-1.5330650156989531,13.70591576707643,0.004746271181968452,False,True,False,0.980340053749365,0.99104,0.9995936611133683,False,0.7526513984824839,0.75136,-1.9504291399733487,False,5,5
50,500,48,25000,full,0.01,30,30,True,40,False,-1.5304796682848962,13.707261083246156,0.0047486000422823655,False,True,False,0.980310032876292,0.991,0.9995941558441557,False,0.7377172290776014,0.70692,-1.9466168070233894,False,5,7
50,500,49,25000,full,0.0001,30,30,True,203,False,-1.6940620180152308,14.598966876286621,0.0034170134557095885,False,True,False,0.6013931918412668,0.62836,0.9993930811248228,False,0.7394604709359663,0.72124,-1.9506772473641385,False,5,5
50,500,50,25000,full,0.01,30,30,True,28,False,-1.5222992300470684,13.486079931722607,0.004785206137491984,False,True,False,0.9808582498425661,0.9912,0.9995948136142624,False,0.7581403995907113,0.75624,-1.9310653874432882,False,5,8
50,500,51,25000,full,0.01,30,30,True,38,False,-1.5283317235130045,13.413351845109664,0.004760546446052773,False,True,False,0.9803004354861188,0.99096,0.9995979899497486,False,0.7559921952895204,0.75444,-1.9386780736428897,False,5,8
50,1000,42,50000,full,0.01,30,30,True,36,False,-1.4944459407872255,13.821549714035205,0.004694172634182365,False,True,False,0.9826933132617987,0.992,0.9999002294722137,False,0.7764039733052498,0.77212,-1.9062654696340344,False,5,7
50,1000,43,50000,full,0.01,30,30,True,46,False,-1.495131967769813,13.987976992784912,0.004659572163525317,False,True,False,0.9821992347906033,0.99178,0.9999004479840715,False,0.7424304140549643,0.69712,-1.9072100366149118,False,5,4
50,1000,44,50000,full,0.0001,30,30,True,20,False,-1.4914316170933648,13.945329315576844,0.004660506851953601,False,True,False,0.9818962407511739,0.9916,0.9998010939830928,False,0.7517272965390219,0.73358,-1.903544299269373,False,5,5
50,1000,45,50000,full,0.001,30,30,True,23,False,-1.4951606225332872,13.956348006516183,0.0046589094672228664,False,True,False,0.9821998760149105,0.99174,0.9998014888337468,False,0.776024495981572,0.77342,-1.905981323320975,False,5,7
50,1000,46,50000,full,0.01,30,30,True,25,False,-1.4891831830635285,13.906935048732269,0.0046483472358109,False,True,False,0.9822947201166261,0.99176,0.9998023324767739,False,0.744107641584721,0.70418,-1.8981260168731138,False,5,6
50,1000,47,50000,full,0.001,30,30,True,34,False,-1.498116901924118,13.94966197798303,0.004644806605783857,False,True,False,0.9818756632533832,0.9916,0.9998019801980196,False,0.7422262690130121,0.69884,-1.9072443176949594,False,5,8
50,1000,48,50000,full,0.0001,30,30,True,65,False,-1.5006244264077406,14.017143969871174,0.004626321320946378,False,True,False,0.981868467142691,0.99158,0.9998027029693202,False,0.7788381998521904,0.77764,-1.909856211813265,False,5,8
50,1000,49,50000,full,0.001,30,30,True,37,False,-1.503170135041764,13.956806239417714,0.004644097958486098,False,True,False,0.9822103288658621,0.99176,0.9998020977637045,False,0.7424045174900713,0.70694,-1.9106267290484442,False,5,5
50,1000,50,50000,full,0.0001,30,30,True,25,False,-1.4962996141677083,13.906744749682396,0.004669117905160254,False,True,False,0.9825775558219172,0.99188,0.9998017446471053,False,0.7604576809765696,0.75124,-1.9009130809951023,False,6,6
50,1000,51,50000,full,0.01,30,30,True,38,False,-1.5032981485259573,13.843936782775332,0.004653263218015962,False,True,False,0.9820271816652357,0.99164,0.999802975076347,False,0.7423351413772187,0.7016,-1.908879209218327,False,5,5
50,2000,42,100000,full,0.001,30,30,True,26,False,-1.5098270455753806,13.593397549354474,0.004782089887580962,False,True,False,0.982485675524706,0.99187,0.9998997694697805,False,0.7768867464056204,0.77359,-1.9223673097869771,False,7,6
50,2000,43,100000,full,0.01,30,30,True,37,False,-1.510595041984076,13.70634120333543,0.004762664120485344,False,True,False,0.9822376664452244,0.99177,0.9998997342958841,False,0.9819850943235959,0.99166,-1.5109400639335444,False,4,4
50,2000,44,100000,full,0.001,30,30,True,27,False,-1.5077943790593735,13.703635471048608,0.004777427100475139,False,True,False,0.9820176304009939,0.99165,0.9998495335540174,False,0.7527292438130406,0.73585,-1.9207271269978285,False,6,8
50,2000,45,100000,full,0.01,30,30,True,26,False,-1.506845136429833,13.765313859437105,0.004760505688083004,False,True,False,0.982043453680951,0.99164,0.9998501423647534,False,0.7433894300969193,0.69835,-1.9182657386401558,False,7,7
50,2000,46,100000,full,0.01,30,30,True,39,False,-1.5081259764965531,13.721250321232421,0.004757212234981731,False,True,False,0.9822211343743714,0.99172,0.9998504859207575,False,0.7696073264126514,0.76551,-1.918441657297518,False,5,8
50,2000,47,100000,full,0.0001,30,30,True,45,False,-1.5133487949064048,13.711438892240679,0.0047488176996361,False,True,False,0.9821762557850777,0.99172,0.9998010840917002,False,0.7439693397730192,0.71212,-1.9244489294473812,False,5,8
50,2000,48,100000,full,0.001,30,30,True,25,False,-1.5140304940029283,13.77274456155176,0.004728364140458806,False,True,False,0.9822149740431831,0.99172,0.9997527078490529,False,0.767718471812858,0.76383,-1.925057557264843,False,5,6
50,2000,49,100000,full,0.0001,30,30,True,26,False,-1.5159255421782476,13.75365445291037,0.004736446154813431,False,True,False,0.9823370080890038,0.99179,0.999751848726984,False,0.742290843058167,0.70083,-1.9263305274807327,False,5,5
50,2000,50,100000,full,0.001,30,30,True,26,False,-1.5127901421022005,13.708965017651371,0.004770846160923796,False,True,False,0.9829232252578796,0.99205,0.9997512561564101,False,0.7479608327377658,0.72451,-1.9218529904455814,False,5,7
50,2000,51,100000,full,0.0001,30,30,True,29,False,-1.517074909824603,13.726630078085448,0.004754115470889023,False,True,False,0.9826045797005077,0.99191,0.9997517131790644,False,0.7737247717487999,0.77208,-1.9262046864094957,False,6,4
50,5000,42,250000,full,0.0001,30,30,True,37,False,-1.5258597558602935,13.662712152123097,0.004744254964257135,False,True,False,0.980610481991064,0.991084,0.9997434075477657,False,0.7874459643720492,0.787168,-1.9361887192827194,False,5,5
50,5000,43,250000,full,0.001,30,30,True,37,False,-1.5257879766401166,13.744494721539526,0.004723774572935927,False,True,False,0.9806076250372955,0.991084,0.9997432656607947,False,0.7393727530122484,0.696992,-1.9358512990735894,False,5,5
50,5000,44,250000,full,0.0001,30,30,True,58,False,-1.5256992953616924,13.710751526083678,0.004727939952836049,False,True,False,0.9805503521888724,0.991056,0.9997236423932568,False,0.7579833128824608,0.750364,-1.9356325388794928,False,5,6
50,5000,45,250000,full,0.01,30,30,True,36,False,-1.5274482755858272,13.730202286172895,0.004717812074962158,False,True,False,0.9805891465195722,0.991076,0.9997242791870175,False,0.7388280414766879,0.696356,-1.9371821937826468,False,7,7
50,5000,46,250000,full,0.01,30,30,True,34,False,-1.5294850115949363,13.647272487857268,0.004726485748938031,False,True,False,0.9805391515600097,0.991056,0.9997245504269469,False,0.7674617055210023,0.765352,-1.9380623865667288,False,5,6
50,5000,47,250000,full,0.01,30,30,True,27,False,-1.5305656955822058,13.62302534017497,0.00472549548598608,False,True,False,0.9805409124649198,0.991068,0.9997048638438533,False,0.7382497820221992,0.69732,-1.9398739517881556,False,5,8
50,5000,48,250000,full,0.01,30,30,True,33,False,-1.531372298683718,13.66172195343515,0.004717521475128814,False,True,False,0.9806441054675075,0.991116,0.9996859974487293,False,0.7702054786097393,0.769184,-1.9417056878175034,False,5,6
50,5000,49,250000,full,0.0001,30,30,True,76,False,-1.5310792747235968,13.662395089237515,0.004713444348078131,False,True,False,0.9806278000024526,0.991112,0.9996656570821697,False,0.7393511208763331,0.706544,-1.9413658302105865,False,5,5
50,5000,50,250000,full,0.0001,30,30,True,31,False,-1.5302676616967972,13.652767937228326,0.004733805458566754,False,True,False,0.9807174822190374,0.991156,0.9996846296369298,False,0.790926007453146,0.7916,-1.9403097783274983,False,5,8
50,5000,51,250000,full,0.01,30,30,True,27,False,-1.5334089088757767,13.664205066885328,0.00472553952989845,False,True,False,0.9807080566360684,0.991156,0.9996854356715948,False,0.772163636852762,0.77158,-1.9428895728934414,False,5,6
