N,T,seed,mae_diag
5,500,42,0.11316446029231675
5,500,43,0.11363275852072215
5,500,44,0.12014195772826056
5,500,45,0.11316230883728215
5,500,46,0.11684601304222281
5,500,47,0.1190290867238694
5,500,48,0.11659247817192062
5,500,49,0.11361985077552658
5,500,50,0.10541524731432605
5,500,51,0.17726995403100582
5,1000,42,0.11074583328590912
5,1000,43,0.19356335928893512
5,1000,44,0.1086625600301431
5,1000,45,0.18411180099964256
5,1000,46,0.10849834861828749
5,1000,47,0.08901459484434655
5,1000,48,0.10830300826967698
5,1000,49,0.11460935444365455
5,1000,50,0.1122549872255663
5,1000,51,0.10889866732000217
5,2000,42,0.11119020860323248
5,2000,43,0.09033003759389219
5,2000,44,0.11406754065852802
5,2000,45,0.1875730077113294
5,2000,46,0.10861651235718091
5,2000,47,0.106793001268279
5,2000,48,0.1044132458337722
5,2000,49,0.11037239120485678
5,2000,50,0.1906340256676335
5,2000,51,0.11057382238469307
5,5000,42,0.1122186444583303
5,5000,43,0.11250138055723377
5,5000,44,0.10370267318221568
5,5000,45,0.18400642332105327
5,5000,46,0.10722178215908107
5,5000,47,0.10864092169945075
5,5000,48,0.10823234080514388
5,5000,49,0.10982894224633089
5,5000,50,0.19244224834070037
5,5000,51,0.11094701481606839
10,500,42,0.11752239773405267
10,500,43,0.11544313294690255
10,500,44,0.19655086602474325
10,500,45,0.10518955701870128
10,500,46,0.10549420068774183
10,500,47,0.1111663450125288
10,500,48,0.18497110827875995
10,500,49,0.11019565212381223
10,500,50,0.10237533124925263
10,500,51,0.10828727252122808
10,1000,42,0.1897795610740404
10,1000,43,0.11108224502695624
10,1000,44,0.11112449254990042
10,1000,45,0.10591128769926308
10,1000,46,0.10681407309668686
10,1000,47,0.10933095073632834
10,1000,48,0.10685499608099115
10,1000,49,0.10766360874295648
10,1000,50,0.11083138265891423
10,1000,51,0.10721563655269804
10,2000,42,0.1106653787467562
10,2000,43,0.19024485181827644
10,2000,44,0.19306792227782993
10,2000,45,0.11052201372854009
10,2000,46,0.10925496560962733
10,2000,47,0.10995109878209883
10,2000,48,0.10716083352210082
10,2000,49,0.1902034117671821
10,2000,50,0.110693303176469
10,2000,51,0.11056817103009844
10,5000,42,0.10933258251425419
10,5000,43,0.19029161050699903
10,5000,44,0.10884794990896568
10,5000,45,0.1084715152935601
10,5000,46,0.18994246790416397
10,5000,47,0.11213570353340957
10,5000,48,0.10922001507009793
10,5000,49,0.1100952995335047
10,5000,50,0.11348730336043591
10,5000,51,0.19123149753917543
20,500,42,0.10730232731469394
20,500,43,0.18762764152566472
20,500,44,0.11152367782799241
20,500,45,0.11126523395336513
20,500,46,0.1080681151478813
20,500,47,0.11053215705461886
20,500,48,0.10936636279673216
20,500,49,0.11306721951739301
20,500,50,0.10776334419342933
20,500,51,0.10665018696329047
20,1000,42,0.1089029384653383
20,1000,43,0.10856598127307192
20,1000,44,0.10894782650752305
20,1000,45,0.10930035475460695
20,1000,46,0.10888842502741068
20,1000,47,0.10964321782326136
20,1000,48,0.10843204634629816
20,1000,49,0.19016353672610625
20,1000,50,0.11044538527732184
20,1000,51,0.10915717726267835
20,2000,42,0.11008363405212433
20,2000,43,0.004636707566849134
20,2000,44,0.11198143603200741
20,2000,45,0.189170326363935
20,2000,46,0.11007488368205744
20,2000,47,0.10586750648140858
20,2000,48,0.10785486504040746
20,2000,49,0.10916829269735365
20,2000,50,0.18789024606256627
20,2000,51,0.10935637089717998
20,5000,42,0.10959870576232665
20,5000,43,0.10918171619228642
20,5000,44,0.1093082942741947
20,5000,45,0.19044417337321617
20,5000,46,0.10979115178238472
20,5000,47,0.18843166278157716
20,5000,48,0.10883426716831643
20,5000,49,0.10952311722103361
20,5000,50,0.10534752763305945
20,5000,51,0.18827423087507625
50,500,42,0.11314282188310987
50,500,43,0.11306177633326106
50,500,44,0.1126527413488638
50,500,45,0.19094992476994965
50,500,46,0.11076471162996913
50,500,47,0.19006502743658557
50,500,48,0.19199567902012524
50,500,49,0.11098286923755468
50,500,50,0.11090466644955181
50,500,51,0.11010272827540618
50,1000,42,0.10915467209907423
50,1000,43,0.1089139773626589
50,1000,44,0.10881394620908022
50,1000,45,0.187453265431227
50,1000,46,0.1081857207706127
50,1000,47,0.1042174343997426
50,1000,48,0.10801561411403218
50,1000,49,0.10829132432538188
50,1000,50,0.1084844197231116
50,1000,51,0.18875719719108588
50,2000,42,0.10968635059616827
50,2000,43,0.08719741949323234
50,2000,44,0.10976306981166642
50,2000,45,0.10935466838897771
50,2000,46,0.10909665938539093
50,2000,47,0.10890431913903727
50,2000,48,0.10834780762226276
50,2000,49,0.10868330070896223
50,2000,50,0.10479260836391431
50,2000,51,0.10876835728641061
50,5000,42,0.18896168071036426
50,5000,43,0.10810598281573892
50,5000,44,0.18690742758817672
50,5000,45,0.10783224806481326
50,5000,46,0.10357153453675556
50,5000,47,0.10358733127353954
50,5000,48,0.10954577304271076
50,5000,49,0.1076895735518173
50,5000,50,0.10791137379501176
50,5000,51,0.10765932927609054
