agent_id,path_length,displacement,tortuosity,mean_speed,max_speed,n_transitions
agent_0000,10010.267578125,0.7953723669052124,12585.636592441897,5.0076375007629395,18.759193420410156,693
agent_0001,10384.4140625,15.782015800476074,657.9903475656613,5.194804668426514,18.7589054107666,737
agent_0002,10033.708984375,11.258488655090332,891.2127809399371,5.019364356994629,18.346837997436523,725
agent_0003,10153.5283203125,15.599100112915039,650.9047474639344,5.079303741455078,18.140886306762695,718
agent_0004,9969.9931640625,9.86756706237793,1010.3800764693772,4.987490177154541,18.87166976928711,703
agent_0005,9629.451171875,15.603010177612305,617.1534249893965,4.817134380340576,18.312700271606445,683
agent_0006,9676.4765625,12.929524421691895,748.4015843241187,4.840658664703369,18.41457176208496,668
agent_0007,10231.208984375,15.545771598815918,658.1345235058099,5.118163585662842,18.4561767578125,718
agent_0008,9966.767578125,2.387996196746826,4173.694911042597,4.985876560211182,18.928720474243164,697
agent_0009,10090.736328125,13.877857208251953,727.1105456682324,5.047892093658447,18.081254959106445,716
agent_0010,9897.25390625,3.129328727722168,3162.7402437491605,4.9511027336120605,18.52936363220215,688
agent_0011,10092.3330078125,2.242096424102783,4501.293028621569,5.0486907958984375,18.103839874267578,725
agent_0012,10113.927734375,1.1730763912200928,8621.712789935187,5.059493541717529,19.011676788330078,708
agent_0013,9987.703125,3.968722343444824,2516.604150698569,4.996349811553955,18.22464370727539,713
agent_0014,9573.4580078125,8.028759002685547,1192.3957368028944,4.78912353515625,18.34076690673828,702
agent_0015,10471.12109375,15.938064575195312,656.9882462008217,5.238179683685303,18.56050682067871,770
agent_0016,9966.3837890625,4.488753795623779,2220.3008319500004,4.985684871673584,18.501262664794922,704
agent_0017,9817.6943359375,5.493972301483154,1786.993780711293,4.9113030433654785,19.12999153137207,713
agent_0018,9801.158203125,2.229351758956909,4396.41620455376,4.9030303955078125,18.51504135131836,672
agent_0019,10006.1015625,14.25393009185791,701.9889600492476,5.005553722381592,18.489686965942383,708
